index,title,subreddit,nsfw,is_self,is_image,category
0,Let‚Äôs fuck my friend boobs,naughtychicks,True,False,True,porn
1,Chubby Redhead Slut Gets Filled With Hot Creampie Load By Her Black Lover,BBWCream,True,False,False,porn
2,VPN dies when playing Battlefield V,nordvpn,False,True,False,miscellaneous
3,Living on the sheep,RDRPhotography,False,False,True,gaming
4,Seeking New Tunes,Music,False,True,False,music
5,Mmm daddy pound me from behindüòç,BBCsissies,True,False,True,porn
6,Toradora,toradora,False,True,False,anime
7,Business  Stocks Skyrocket Amid Pfizers Report On Effectiveness Of A Coronavirus Vaccine  NPR,AutoNewspaper,False,False,False,finance
8,Supermatch Best of 3  Me VS Karol Jaworski,armwrestling,False,False,False,miscellaneous
9,The Riddle of Steel,pens,False,False,True,miscellaneous
10,23 hot Dubai bro for Black guys only face ax965d,GaySnapchat,True,False,True,porn
11,My favorite Christmas candy üòÉ,christmas,False,False,True,miscellaneous
12,Give me a hand,MassiveCock,True,False,True,porn
13,Republicans Democrats and Transit,urbanplanning,False,False,False,politics
14,State Representative Joe Sanfelippo cites irregularities and casts doubt on election results,wisconsin,False,False,False,politics
15,DO U LIKE THOSE BOOBS üî•üëáFREE LINK MEGA IN THE COMMENTSüëáüî•,NSFW_Amazing,True,False,False,porn
16,Stephen Jones says Dalton will be Dallas‚Äô starting QB when he returns from the reserveCOVID19 list,cowboys,False,False,False,Sports
17,Just looking for a little fun 33 M4F,OKcasualencounters,True,False,True,porn
18,Augustus Porter joins the Army dont know what country this is,TheOwlHouse,False,True,False,miscellaneous
19,Influential BLM Figure in Seattle Posts This,trashy,False,False,True,politics
20,24 straight sub ime9360,GaySnapchat,True,True,False,porn
21,Do you like petite girls with bubble butts ,FrogButt,True,False,True,porn
22,The best red pick I‚Äôve ever gotten turned into my Weekend League Hero,FIFA,False,False,True,sports
23,Latest to addition to join the grand fyrd,ageofsigmar,False,False,True,gaming
24,FT Cherry LF NMTs,ACVillagerExchange,False,True,False,gaming
25,What are the best edible recipes or sites for gummys,canadients,False,True,False,miscellaneous
26,15 g lemontek fresh truffles qubit,Psychonaut,False,True,False,miscellaneous
27,3080 GPU utilization in warzone  1440p now only 5565 was around 100 with ryzen 3600 utilization around 6575 whats going on,nvidia,False,True,False,gaming
28,Pixel Art Sticker Pack,DigitalArt,False,False,False,miscellaneous
29,Come join our club BACK AGAIN q6d5s Going to have daily free roll MonSat top 3 get 25 and big tourney on Sunday for Qualify members only We Going to host daily games and great promo for games and referral Join q6d5s üíØ,pokerrrr2,False,True,False,gaming
30,It aint much but its honest work,memes,False,False,True,miscellaneous
31,My bathroom guardians,Eyebleach,False,False,False,cute
32,Stroking this hard dick feels amazinggg,jacking,True,False,False,porn
33,Politics  Ohio Trump Supporters On What They Think Bidens Presidency Might Bring  NPR,AutoNewspaper,False,False,False,politics
34,TIL that George B McClellan the mayor of New York in 1904 was to symbolically start the first train at City Hall station and the hand it over to an engineer However he enjoyed himself so much that he refused to stop controlling the train until he reached 103rd street,todayilearned,False,False,False,miscellaneous
35,Mic Geronimo  Shits Real,90sHipHop,False,False,False,music
36,I‚Äôm officially KIA,NoNutNovemberHardMode,True,True,False,miscellaneous
37,And Knitting And Knitting And Knitting,memes,False,False,True,miscellaneous
38,What i believe i know about the person that broke into the building,MatthiasSubmissions,False,True,False,miscellaneous
39,uhzg0 GCT Rep Profile 2,GCTRep,False,True,False,miscellaneous
40,‚ÄúOcean isn‚Äôt big enough for yayou got a problem buddy Do ya do ya do ya,Aquariums,False,False,True,miscellaneous
41,I dont know who you are but you are the first user here,centristvexillology,False,True,False,miscellaneous
42,Recently discovered that I was asexual,asexuality,False,True,False,miscellaneous
43,Crosspost Brand new custom park  Han Solo Shreds the Millennium Falcon on Yavin 4,THPSCAP,False,False,False,gaming
44,Grade 11 AP Bio molar concentration,HomeworkHelp,False,True,False,miscellaneous
45,hitsblunt MC Mechanics in Classic,classicwow,False,True,False,gaming
46,Playing GT5 Online in 2020 with Mods  Credits to Miji for the video,granturismo,False,False,False,gaming
47,A True Milf,MilfPawg,True,True,False,porn
48,Politics  Defense Secretary Mark Esper To Be Replaced By Christopher C Miller  NPR,AutoNewspaper,False,False,False,politics
49,CERCO STICKER DELLIDROSCIMMIA,rimesegate,False,True,False,miscellaneous
50,The credit of twins,FinancialPlanning,False,True,False,finance
51,Is it Play time yet F,hugeasses,True,False,True,porn
52,Would you change your skin colour for a solid 10 crush with tanwhitening cream,polls,False,True,False,miscellaneous
53,Labradorite and obsidianüåôüíñ,Crystals,False,False,False,miscellaneous
54,bones ü¶¥  chains ‚õì  little tits,naturaltitties,True,False,True,porn
55,OK I get it but I don‚Äôt get it,TheBlackList,False,True,False,miscellaneous
56,Keep 7700k or go with 5600x,buildapc,False,True,False,gaming
57,Violent Momentum vs Violent Speed,borderlands3,False,True,False,gaming
58,Trump election party draws scrutiny as Carson tests positive,politics,False,False,False,politics
59,Sexy slut,XPornVIP,True,False,False,porn
60,Here‚Äôs my results last time I took the test got a little different results on the left side but that was a while back Opinions,PoliticalCompass,False,False,True,politics
61,Just hit 1000 karma and climbing guess you all like the pics,BisexualFantasy,True,False,True,porn
62,POV catching your heavy metal bf jerking off,Gothgonewild,True,False,True,porn
63,I love Mazdas red paint,Miata,False,False,True,miscellaneous
64,üíï5 SALEüíï Cum join my fan pages to see all the XRATED content you can imagine üòâ link in comments üòò,naughtychicks,True,False,True,porn
65,Soul collector Engine value combiner,LegendsOfRuneterra,False,False,True,gaming
66,National  DOTUS Biden Dogs Get Twitter Account As Some Celebrate Pets Return To White House  NPR,AutoNewspaper,False,False,False,politics
67,BOOM,travelinghoppy,False,False,False,porn
68,Sourpuss  The Bellucci Dream Repertoire  2020,AtmosphericDnB,False,False,False,music
69,Moon of Jupiter Reveals a Surprise,TopScience,False,False,False,miscellaneous
70,So what are you adding to your pledge manager,KingdomDeath,False,True,False,gaming
71,Onision gonebanned from twitch,Onision,False,True,False,miscellaneous
72,Dry and oily waxy hair,femalehairadvice,False,True,False,miscellaneous
73,Jacqueline Faccio,braziliangirls,True,False,True,porn
74,We messed this one up Spoilers,MatthiasSubmissions,False,True,False,miscellaneous
75,This will be my christmas outfit do you like it,SnapchatXXX,True,False,True,porn
76,Mail call,PokemonTCG,False,False,True,gaming
77,Bond with Bondage,Sexfight,True,False,False,porn
78,The Buccs are frauds,UrinatingTree,False,False,True,miscellaneous
79,Eagle me pencil and paper 2020,Art,False,False,True,miscellaneous
80,Booty at sunset,FitModels,True,False,True,porn
81,Kathryn Hahn Joins Will Ferrell  Paul Rudd In Apple‚Äôs ‚ÄòThe Shrink Next Door‚Äô,tvPlus,False,False,False,miscellaneous
82,These overalls were a TIGHT squeeze hope they can get one final bit of appreciation before I throw them out RIP overalls üòø,AdorableOnlyfans,True,False,True,porn
83,Trump Arrives on Reach,halomods,False,False,False,gaming
84,Spirits How gyyHhgxhhchhchhhh AhchACHaag AAAAAGGHa,AskOuija,False,True,False,miscellaneous
85,Reuters Utah Governor Gary Herbert declares new state of emergency as coronavirus spreads httpstcobwabMUmLgH httpstcoq5yVfhxkpX,newsbotbot,False,False,False,politics
86,Unc D Dre Hova  Thin Thicket REALITY CHECK Skit Hop,trapmuzik,False,False,False,music
87,Federal deficit surged in October as pandemic spending continued CBO,Conservative,False,False,False,politics
88,Flying my Paramotor,ParamotorTV,False,False,False,miscellaneous
89,Radical Red crashes when teaching a move after evolving,PokemonROMhacks,False,True,False,gaming
90,The Iceycat charm was made  Credits to TripleLeoo on Twitter,Rainbow6,False,False,True,gaming
91,Snap streaks üíØ,SnapStreaks,False,False,True,social
92,Interest in a custom Everton Shirt and Pullover ,Everton,False,True,False,miscellaneous
93,‚ÄºÔ∏è SALE ‚ÄºÔ∏è 390 ONLYFANS  40 OFF ‚ù£Ô∏è INSTANT access to over 900 HD Pics  Vids üíã Anal GG Squirting Toy Play  KinkFetish Content on my PAGE üëÖ Cum chat  play with me  LINK BELOW üëáüèª,AdorableOnlyfans,True,False,True,porn
94,A postergraphic I made of our Capitol Building,madisonwi,False,False,True,miscellaneous
95,Reuters Storm Eta floods parts of South Florida as it churns over Gulf of Mexico httpstcof0kMq6Hu91 httpstcoWkInD4I8oh,newsbotbot,False,False,False,news
96,Anal MILF 11,milfhub,True,False,False,porn
97,Exactly FOUR AD to 1000 What a happysad victory,JhinMains,False,False,True,gaming
98,TiffanyFerg me digital 2020,Art,False,False,True,miscellaneous
99,Arcadnis  Jupiter Electropop I am a singer and songwriter preparing to release a debut music album of the same name Jupiter by the end of 2020 So far I can only post the music video postponed due to the lockdown but I would be very happy to get your feedback Check this out and AMA ,Electropop,False,False,False,music
100,That bed gets a lot of solo action ‚òºü•∫,VerifiedAmateurs,True,False,True,porn
101,Pretty cool screenshot I took in Wrestling Revolution 3D WR3D 21 mod,WWEGames,False,False,True,gaming
102,National  How Presidential Transitions Usually Happen And What Could Be Different This Time  NPR,AutoNewspaper,False,False,False,politics
103,How exactly instacart works,InstacartShoppers,False,True,False,miscellaneous
104,Reuters General Motors to add 3000 tech jobs httpstcoDoza24ECb2 httpstcoYNWRIZXj1N,newsbotbot,False,False,False,finance
105,WTF Germany,memes,False,False,True,miscellaneous
106,The Price is Gripe,studentsagainstsleep,False,False,True,miscellaneous
107,üòà I sell all kinds of fetishes and videos I am a unlimited girl ready to please üî• I came to alter all those hot guys and liabilities Pack 15 naked  videos explicit 4 minutes  30 video camera 10 minutes 25  videocall 15 minutes  30 Write to him kik AlejandraSex690,Sugardaddywebsitee,True,False,True,porn
108,Commentary Democrats had a decade to consolidate power they blew their chance,USCensus2020,False,False,False,politics
109,Pc no signal,CustomPCBuilding,False,True,False,gaming
110,wwwprogressivesshopercom Gun Rights Suppression Long Term,gunpolitics,False,True,False,politics
111,rExpatFIRE Croatia will soon have a Visa for Digital Nomads,EestiMentioned,False,False,False,miscellaneous
112,Reuters Crowned Miss Lebanon in 2018 Maya Reaidy will keep for the third year in a row after the beauty pageant was canceled in 2019 and 2020 httpstcoXz312uPtVC,newsbotbot,False,False,False,news
113,Anal Milf,milfhub,True,False,False,porn
114,Health  What Health Care Might Look Like Under A President Biden  NPR,AutoNewspaper,False,False,False,politics
115,Amazing,BigBadBootyBabes,True,False,False,porn
116,I have 600K what should i do,FIFA20UltimateTeam,False,False,False,gaming
117,Ohai nsfw,GoneWildBrunettes,True,False,True,porn
118,Cat,aww,False,False,False,cute
119,Wow Lil Uzi want to get this beat for real,beats,False,False,False,music
120,I am already speedrunning Mario vs Donkey Kong Mini Land Mayhem What is another game I should run,speedrun,False,False,True,gaming
121,Babamƒ±zƒ± kaybettiƒüimizin yƒ±l d√∂n√ºm√º 84 yƒ±l √∂nce bug√ºn √∂leceƒüini bilmek √ßok k√∂t√º bir≈üey ruhum hi√ß olmadƒ±ƒüƒ± kadar sƒ±kƒ±≈üƒ±kta mekanƒ± cennet olsun,KGBTR,False,False,True,miscellaneous
122,Reuters Slovakia says COVID doubletesting cut number of infections by more than half httpstcof3kfO7imnH httpstco72gBQGC1PQ,newsbotbot,False,False,False,news
123,0 Death,roblox_arsenal,False,False,False,gaming
124,Experience with Della Mini splits,HVAC,False,True,False,miscellaneous
125,7 trading days left,SPCE,False,True,False,finance
126,Luz is angry,TheOwlHouse,False,True,False,miscellaneous
127,Reuters OnThisDay in 1985 Princess Diana danced with actor John Travolta at a White House dinner httpstcoRdWqA9x29A,newsbotbot,False,False,False,miscellaneous
128,Top 10 Creepy Japanese Bedtime Stories,wwwvideos,False,False,False,miscellaneous
129,Health  Operation Warp Speed Leader On Logistics Of A Coronavirus Vaccine  NPR,AutoNewspaper,False,False,False,miscellaneous
130,What makes you feel ashamed,AskReddit,False,True,False,miscellaneous
131,Anal MILF 1 AlexaHBallzz,milfhub,True,False,False,porn
132,Aga,KGBTR,False,False,True,miscellaneous 
133,Shagor  Verdoolde Hemelbol Acoustic 2020,listentothis,False,False,False,music
134,Whats your favourite ERB episode,AskReddit,False,True,False,miscellaneous
135,Can mobs spawn on string in Bedrock edition,redstone,False,True,False,gaming
136,Do you think Im cute ü•∫üíñ,cuteasfuckbutclothed,True,False,True,porn
137,I just had a destiny moment,Destiny,False,True,False,miscellaneous
138,Easiest Engl 100 course,simonfraser,False,True,False,miscellaneous
139,Unknown Object Caught on Video over Pennsylvania,classified,False,False,False,miscellaneous
140,Reuters Hospitals under pressure as COVID19 cases surge in Swedish capital httpstcouOBasFKRlu httpstco3bxZEMPoHU,newsbotbot,False,False,False,miscellaneous
141,Just out of my Truscum phase,Nonbinaryteens,False,True,False,miscellaneous
142,Onlyfans realthick,BaddestGirls,False,False,True,porn
143,season 22 comin,ZombsRoyale,False,True,False,gaming
144,The richest thing in the world sucking dicküîõ balls üîõ assholeü§§üëÖüí¶‚ú®üëª Sc iloveeandreina,BestSnapchatNudes,True,False,False,porn
145,Thicc und Quicc,xbiking,False,False,False,miscellaneous
146,Reuters From Breakingviews Losing one senior economic policymaker is unfortunate To lose two in the same weekend looks deliberate It‚Äôs a sign of Turkey‚Äôs poor economic management that the departures are positive news writes dashareuters httpstcoCSMRYNbNPn,newsbotbot,False,False,False,politics
147,So my account got hacked,PS4,False,True,False,gaming
148,Drawing of Lara Croft,TombRaider,False,False,True,gaming
149,me,Bulges,True,False,True,porn
150,LF 5IV Shiny Dragapult FT Shiny Dragonite holding a mint,PokemonSwordAndShield,False,True,False,gaming
151,How do ADC vs zed,summonerschool,False,True,False,gaming
152,Question on where I can source a large enough piece of wood a countertop for a builtin I‚Äôm going to make,woodworking,False,False,True,miscellaneous
153,They see me rollin,insanepeoplefacebook,False,False,True,miscellaneous
154,Interracial Anal MILF Fuck,milfhub,True,False,False,porn
155,Health  Supreme Court To Consider Constitutionality Of Obamacare  NPR,AutoNewspaper,False,False,False,politics
156,Kitty bulge üòõ,tbulges,True,False,True,porn
157,Reuters A treasure trove of models and puppets from Thunderbirds creator Gerry Andersons TV shows and commercials that was stored away for 30 years has come to light and will be auctioned this month httpstco2ysNluDgKs httpstcoE6gyBzDYsL,newsbotbot,False,False,False,miscellaneous
158,Help ID a milf pornstar that looks somewhat like Felicity Jones ,tipofmypenis,True,True,False,porn
159,Dan Shatt breaks silence on Twitter,LBACred,False,False,False,finance
160,3289 Dangerously Close To Being Relevant,tbtl,False,False,False,miscellaneous
161,PUA claims,SouthJersey,False,True,False,miscellaneous
162,How do I stealthily render a tracker inoperable,privacy,False,True,False,miscellaneous
163,World  What Are Bidens Plans For Foreign Policy  NPR,AutoNewspaper,False,False,False,politics
164,Reuters Fiat Peugeot unveil Stellantis logo in further step towards merger httpstco6WUoDLI4gf httpstcokZnncl6wJu,newsbotbot,False,False,False,finance
165,Galaxy brain ghost play from Aki Iofi and Nene joined in too,Hololive,False,False,True,michigandate
166,insert title here,Doom,False,False,True,gaming
167,bilmiyorum 18 ya≈üƒ±nƒ± seven var mƒ±,burdurland,False,False,True,miscellaneous
168,Call me the neighborhood butcher because I stay giving my meat to your mother,DeepFriedMemes,False,False,True,miscellaneous
169,Plz Im lonely,teenagers,False,True,False,miscellaneous
170,Pineapple Horoyoi  shorts  Japanese Alcohol,YouTube_startups,False,False,False,miscellaneous
171,RECRUITING 4000 Clan Name Mamba Mentality Clan Code LYOCPYRP Clan Score 42494 Members 3350 Trophy Requirement 4000 Active players,RoyaleRecruit,False,True,False,gaming
172,35 m4A feeling like a horny bitch,DirtySnapchat,True,True,False,porn
173,Has anyone else seen this glitch,mturk,False,True,False,miscellaneous
174,Petite fuck doll with huge natural boobies üòà 499 SUB sale Cum check out a bunch more titty vidsgifs as well as pussy twerk vids üíï I do dick ratings sext and do any custom content you desire üíï COME PLAY WITH ME üòò,OnlyFansPromotions,True,False,True,porn
175,We can finally put Sharpiegate behind us,h3h3productions,False,False,False,miscellaneous
176,Drawing,Notion,False,True,False,miscellaneous
177,ü§™,manass,True,False,True,porn
178,I havent actually done any work at my job for the last two months,confession,False,True,False,miscellaneous
179,My moms response to me making homemade salted chewy caramel,funny,False,False,True,miscellaneous
180,Week 9 Fantasy Results,detroitlions,False,False,True,sports
181,Reuters The UK‚Äôs annual poppy appeal when millions of pounds are usually raised through the sale of commemorative poppy flowers and memorabilia to remember the war dead is facing fundraising struggles httpstco3CZjIA5Qe1 httpstcogXPaN2PXFk,newsbotbot,False,False,False,miscellaneous
182,Guess whos back MrBoredAF comming through,teenagers,True,False,True,miscellaneous
183,This g,perfectletters,False,False,True,miscellaneous
184,German Anal MILF,milfhub,True,False,False,porn
185,Rate my PC build idea,buildapc,False,True,False,gaming
186,World  Evo Morales Makes Triumphant Return To Bolivia  NPR,AutoNewspaper,False,False,False,politics
187,How to come to terms with the fact that my girlfriend has an ex I really dont like,relationship_advice,False,True,False,miscellaneous
188,Who likes a skinny guy with a fat cock,Beardsandboners,True,False,True,porn
189,Has anyone tried IL Makiage Is it a scam or does it work,Makeup,False,True,False,miscellaneous
190,H,TheLetterH,False,False,True,miscellaneous
191,Lugia right now807307090386,PokemonGoRaids,False,True,False,gaming
192,He do be a Sith,dankmeme,False,False,True,miscellaneous
193,Soccer Star Megan Rapinoe On Equal Pay And What The US Flag Means To Her,USWNT,False,False,False,miscellaneous
194,Help me understand 5 minute cool down,wyzecam,False,True,False,miscellaneous
195,UPR vs Radium PCV catch can,FocusRS,False,True,False,miscellaneous
196,üçÜüçÜGET YOUR COCK HARD WITH A FREE JOI VIDEO AND AUDIO DICK RATING ON SIGN UPüçÜüçÜ‚ùáÔ∏èONLY 3 üí¶Link belowüí¶,AdorableOnlyfans,True,False,True,porn
197,Reuters Gold fuels big banks bumper profits as oil bonanza fades httpstcoY0M3kjiwwy httpstcoKMK9fOCrOa,newsbotbot,False,False,False,finance
198,Thanks for the Support to all fellow Wood carvers Reached 100üëÅ,Carving,False,False,True,miscellaneous
199,Trump‚Äôs Latino supporters in Miami aren‚Äôt ready to accept election defeat,CCP_virus,False,False,False,politics
200,Reminder  Initial contact should be made via the comment section  November 09 2020,NBA2kMTselling,False,True,False,gaming
201,Welcome to my stories of Christmas,ChristmasMusic,False,False,False,music
202,What do u think of my new ‚Äúlingerie ‚Äú f,happygirls,True,False,True,porn
203,xQc on Steroids,xqcow,False,False,False,gaming
204,Do you think its coincidence that pyramids were build at the exact center of mass concentration of earth by people who praised cats Because I think its not,playboicarti,False,False,True,music
205,How To Cook A Perfect Organic Chicken Risotto Delicious Healthy Organic Pinksauce,foodhacks,False,False,False,miscellaneous
206,üî• Free dick rate when you sub and message ‚Äòreddit‚Äôüî•Your big booty Irish egirlfriend üçë professional tease with 38Csüòãbig brat Find out how dirty this princess can be üòâ LINK ‚¨áÔ∏è,onlyfans_get_noticed,True,False,True,porn
207,How did the average person living in Europe get past the events of WWII,AskHistorians,False,True,False,miscellaneous
208,Plasma Cut Christmas Truck and Tree httpswwwpk2creationsnetproductpagevintageredchristmastruck,HandmadeForSale,False,False,True,miscellaneous
209,F Happy Monday from the office cheered a few work colleagues up with a little panties flash today üë†üëó,Upskirt,True,False,True,porn
210,18 The guy who watches me via cam wants to put me on HRTüíä Online or Eastern Europe,sissypersonals,True,False,True,porn
211,Reuters AstraZeneca says Pfizer COVID19 vaccine results encouraging httpstcoSX86InVsAs httpstcoKKYKM0PBAS,newsbotbot,False,False,False,finance
212,Is there a maximum micro SD card memory size for the mini e3 v12,BIGTREETECH,False,True,False,miscellaneous
213,Day 7 off heroinfentanyl  still dragging ass,OpiatesRecovery,False,True,False,miscellaneous
214,I know this is from an old videos but I think this works as a version of the drake meme What do you think,gamegrumps,False,False,True,miscellaneous
215,Herkes farklƒ±dƒ±r O zaman farklƒ± olmak normaldƒ±r Ama normal olan birinin hi√ß bir farkƒ± olmaz Farkƒ± olmamasƒ± onu farklƒ± kƒ±lar O zaman da farkƒ± olduƒüu i√ßin farkƒ± olmamasƒ± artik ge√ßerlƒ± deƒüildir yani bir farkƒ± yoktur O zaman da farkƒ± yoksa farklƒ±dƒ±r,hakkaten,False,True,False,miscellaneous
216,Four months with zero construction on the new riverfront park,Newark,False,False,True,miscellaneous
217,BJ got shot by police,Chiraqology,False,True,False,miscellaneous
218,Some Australianstyle humour about the situation in America As this is Australian it comes with a strong language warning,PoliticalHumour,False,True,False,politics
219,Anyway To Get Xbox One Controllers With Built In Bluetooth To Work On PS3 WITHOUT AN ADAPTERLike CFW Methods,ps3homebrew,False,True,False,gaming
220,The former CEO of Google has applied to become a citizen of Cyprus,cyprus,False,False,False,finance
221,Reuters A look at some of the policies Presidentelect Joe Biden and his team want to take on Day One in the White House httpstcoe54j21Cg3g httpstco7LQO8xAdee,newsbotbot,False,False,False,politics
222,Krakow Anal MILF Pickup Fuck Mia,milfhub,True,False,False,porn
223,Insert here please,AssJob,True,False,True,porn
224,Its the Limers way,JellesMarbleRuns,False,False,True,miscellaneous
225,Dear god,SexMagickInspiration,True,False,True,porn
226,Project Pegasus,MatthiasSubmissions,False,True,False,miscellaneous
227,Reuters Trudeau urges Canadians to hang on after coronavirus vaccine news httpstcoo3tQCb4fkw httpstcoqVhZ7cHIA0,newsbotbot,False,False,False,politics
228,Both in one day in the same park  karmic justice for getting a hike in after work I guess,pokemongoyellow,False,False,False,gaming
229,Granite pegmatite Val des Monts QC canadian shield,whatsthisrock,False,False,False,miscellaneous
230,meirl,meirl,False,False,True,miscellaneous
231,Distance Learning for Computer Science,fsu,False,True,False,miscellaneous
232,Thas a lot of water,dankmemes,False,False,True,miscellaneous
233,Lake Ontario Toronto  orthocon nautiloid,fossilid,False,True,False,miscellaneous
234,Terrible Primarch Memes Vol 16,Grimdank,False,False,True,miscellaneous
235,19F Talk with me baby im horny SC is annieten20  Upvote this for a nice surprise,Phatasswhitegirls,True,False,True,porn
236,Moo pop shake,Moo_pop,False,False,True,miscellaneous
237,Why The fuck does daughter still bug out and prevents you cutting fish,Warframe,False,True,False,gaming
238,need graphic designer artisttttttttttttttttt,bbnomula,False,True,False,miscellaneous
239,What is fair for this,AdoptMeTradingRoblox,False,False,True,miscellaneous
240,Am I syphus,MatthiasSubmissions,False,False,True,miscellaneous
241,didnt get ti say goodbye and goonight,distantsocializing,False,False,False,miscellaneous
242,Review my Teaching Material  SystemVerilog for RTL Design and Simulation,FPGA,False,True,False,miscellaneous
243,Is this legit,bapeheads,False,False,False,miscellaneous
244,Reuters BBC says it will hold robust inquiry into Princess Diana interview httpstcoiShePUTwM2 httpstcoKKJIP5ld0f,newsbotbot,False,False,False,miscellaneous
245,Defense 1920 x 1200 MB3D,fractals,False,False,True,miscellaneous
246,Just Started Leaking  It Won‚Äôt Stop üòà,BoxerBriefsMen,True,False,True,porn
247,Queuing time idea,Rainbow6,False,True,False,gaming
248,30FUCK,BlackOwnedSissies,True,False,True,porn
249,40 M4F Give me a reason to check my phone,HoustonPlatonicR4R,False,True,False,social
250,The Foxes Go Top Plus A Fiery Der Klassiker  Got Your Boots On,AdvertiseYourVideos,False,False,False,miscellaneous
251,Thick ‚ÄòN Busty Anal MILF Friday,milfhub,True,False,False,porn
252,Keeney‚Äôs Rapids on the New near Nuttallburg WV,Westirginia,False,False,False,miscellaneous
253,Fianc√© took me shopping and bought me these pretty new underwear Then I made him wait at home while I let someone else take them off me üòà,wifeshare,True,False,True,porn
254,Narumitsu fanfics are like brownies,Narumitsu,False,True,False,miscellaneous
255,What‚Äôs everyones favorite formation this year and why,fut,False,True,False,gaming
256,Reuters Samsung is preparing to launch its new Galaxy S21 as early as late January next year sources told Reuters httpstcoUGP8umnyN8 httpstco26Jehgv5lU,newsbotbot,False,False,False,finance
257,Come see what‚Äôs under the bow for 450üö®very interactiveüö®34GG,Onlyfans_Promo,True,False,False,porn`
258,From Facebook,PoliticalHumor,False,False,True,politics
259,Sexy Kitty Play,lingeriewomen,True,False,True,porn
260,what happens if shikamaru shadow posses himself,Naruto,False,True,False,anime
261,Do u consider pizza to be a piesandwichor just pizza,polls,False,True,False,miscellaneous
262,Vs,PornstarVSPornstar,True,False,False,porn
263,IN  Sandalwood museum may be shifted to palace premises  The Hindu,AutoNewspaper,False,False,False,miscellaneous
264,Where is it best to invest in the most money on a individual component,BudgetAudiophile,False,True,False,music
265,If you could add an update to life what would be added and what would be nerfed,AskReddit,False,True,False,miscellaneous
266,Per chi non lo sapesse Dancing Polish Cow √® 18 su youtube,memesITA,False,False,True,miscellaneous
267,Doctor on Pfizer vaccine Not sure this one is the game winner,politics,False,False,False,politics
268,Reuters Azerbaijan says it downed Russian helicopter by accident apologises httpstcooBIjO2yJpm httpstcoTM5dvESlQg,newsbotbot,False,False,False,miscellaneous
269,ŒöŒ±œÑŒ≠œÅœÅŒµœÖœÉŒµ Œ∫Œπ Œ∑ œÑŒ∑ŒªŒµŒ∫œÄŒ±ŒØŒ¥ŒµœÖœÉŒ∑,AltGreece,False,False,True,miscellaneous
270,Dick 2,acting,False,False,False,miscellaneous
271,People Who also play the pc version of ark is there anything that is better In the mobile version,playarkmobile,False,True,False,gaming
272,And every thing else above ground level,memes,False,False,True,miscellaneous
273,World  China Iran join queue to scrutinise US at UN rights body  The Hindu,AutoNewspaper,False,False,False,politics
274,The Indiana Pacers are hiring Kaleb Canales as an assistant coach sources tell ESPN Canales has had extended recent runs with Knicks 20182020 Mavericks 20132018 and Blazers 20082012 Canales was an interim HC with Portland in 2012,pacers,False,False,False,sports
275,Reuters New York governor expects rising coronavirus rates into winter httpstcodxW8nI3HXm httpstcozJrSmQR3Rq,newsbotbot,False,False,False,politics
276,We‚Äôve met with a terrible fate haven‚Äôt we,dankmemes,False,False,True,miscellaneous
277,Anal MILF 18,milfhub,True,False,False,porn
278,When is it safe to stop sleeping in C position,AttachmentParenting,False,True,False,miscellaneous
279,Stonehenge 1440x2960,Amoledbackgrounds,False,False,True,miscellaneous
280,Sneak peek Leah  Jade,TeenMomOGandTeenMom2,False,True,False,miscellaneous
281,Nervous me watercolor and colored pencil 2019,Art,False,False,True,miscellaneous
282,Selling 26 F are You bored Have a good time with me babyüòàüòà CockrateGFEPicsVidsCamSexting Kikme alicehorny94,SellerAnon,True,False,True,porn
283,Who is going home tonight,dancingwiththestars,False,True,False,miscellaneous
284,Perfect Ass Black Teen Rides White Cock,AssConquer,True,False,False,porn
285,Beautiful now and forever,Laurenlovinyou,True,False,True,porn
286,Mega charizard X on me First 10 people are getting invited 4608 4362 7004,PokemonGoRaids,False,False,True,gaming
287,Little Bros internet searches,wholesomememes,False,False,True,miscellaneous
288,USDJPY ENGULFING SUPPLY Price was met with a strong rejection within the zone H4 in the comments section shows a DBD zone which proved to be a strong zone for price to close above,Forex,False,False,True,finance
289,Looks good enough,pcmasterrace,False,False,True,gaming
290,rainbow six crashing,SiegeAcademy,False,True,False,gaming
291,Mame4droid y axis and button mapping Android 81,retroid,False,True,False,miscellaneous
292,GayBisexual resources Canada,ainbow,False,True,False,miscellaneous
293,Trump Arrives on Reach,HaloCustoms,False,False,False,gaming
294,This is a moose flag I made for a friend of mine,vexillology,False,False,True,miscellaneous
295,Why,AmongUs,False,False,True,gaming
296,Russian dreamgirl,BestCamSluts,True,False,False,porn
297,Lovely gape at the end,HoleWreckers,True,False,False,porn
298,SEKTION high cabinet as shoe rack closet,IKEA,False,True,False,miscellaneous
299,First time playing the series what should i focus on,deadrising,False,True,False,gaming
300,2600 Zarya looking for VOD review,OverwatchUniversity,False,True,False,gaming
301,18yo Shower Fresh Who wants a taste,PetiteNSFW,True,False,True,porn
302,POV catching your heavy metal bf jerking off,hotguyswithtattoos,True,False,True,porn
303,Another fem ass thereüòá,BisexualFantasy,True,False,True,porn
304,6 Daily teen nudes,SluttyOnlyfans,True,False,True,porn
305,Thick Romani Anal MILF Get‚Äôs Laid,milfhub,True,False,False,porn
306,How Joe Biden Won the Presidency,neoliberal,False,False,False,politics
307,17 M is it over,Incelselfie,False,False,True,miscellaneous
308,Youtube channel,YouTubeEditorsForHire,False,True,False,miscellaneous
309,pussy vaping,tumblr,False,False,True,miscellaneous
310,F 24 I have a big fantasy for Gangbang Is it worth trying,BrownHotties,True,False,True,porn
311,Raiders Live Coach Gruden Presser  11920,raiders,False,False,False,sports
312,I just put this on Twitter and I just want them to see this so I can thank them,CrankGameplays,False,False,False,gaming
313,L‚ÄôEstrie passe au rouge jeudi,Quebec,False,False,False,miscellaneous
314,Hangry goldfish,Goldfish,False,True,False,miscellaneous
315,Militant Islamists behead more than 50 in Mozambique,thenewcoldwar,False,False,False,miscellaneous
316,I don‚Äôt if this is the right subreddit to ask this,socialskills,False,True,False,miscellaneous
317,RME,AmazonWFShoppers,False,True,False,miscellaneous
318,So I heard yall are posting selfies now,teenagers,False,False,True,miscellaneous
319,3 billion animals were in the bushfires path Heres what the royal commission said and shouldve said about them,ausenviro,False,False,False,miscellaneous
320,Shout out to alotsofcheeses42168 for the original format,memes,False,False,True,miscellaneous
321,Hi I am an ENFP,istp,False,True,False,miscellaneous
322,Old envelope packaging for a stationery set now a cute place to hold film photos üòªüì∑,ZeroWaste,False,False,False,miscellaneous
323,Can you copy your ps4 save files to ps5,PS5,False,True,False,gaming
324,Since everyone is posting selfies I‚Äôm posting one as well,teenagers,False,True,False,miscellaneous
325,State of Contradiction Progressive Family Culture Traditional Family Structure in California,RealCalifornia,False,False,False,politics
326,how I show off before I throat your cock üòá get a FREE custom video when you sub today onlyfanz angelbunnybaby,SocialMediachicks,True,False,True,porn
327,If Leo and Percy didn‚Äôt dress up as Sharkboy and Lavagirl I‚Äôm a satyr,camphalfblood,False,False,True,miscellaneous
328,any advice for writing slowcore guitar,Slowcore,False,True,False,music
329,Mythra Xenoblade II,BigAnimeTiddies,True,False,True,porn
330,Freaky Anal Milf Kylie Ireland ,milfhub,True,False,False,porn
331,What if new years acc came back this January 0,RoyaleHighTrading,False,True,False,gaming
332,What American TV shows do you think best depict the daily life of ordinary people in the US for each decade,AskAnAmerican,False,True,False,miscellaneous
333,Last pickups before Lockdown 20,ps2,False,False,True,gaming
334,I live to tease you,HairyArmpits,True,False,True,porn
335,PC UK EU Solo player looking for a clan,DestinyClanFinder,False,True,False,gaming
336,6 Wk Old  Do you need to sleep train,sleeptrain,False,True,False,miscellaneous
337,Finished W1 and not for the first time Glad to be back on the wagon,C25K,False,False,True,miscellaneous
338,Her Free Content in the Comments,PussyAssTitsLover,True,False,False,porn
339,Early Power Levels,JuJutsuKaisen,False,True,False,sports
340,She owns that pillow and the couch,aww,False,False,True,cute
341,C4nn1b4l1st1c C0rp5334ter,TF2fashionadvice,False,False,True,gaming
342,Getting the Oreos fails part 2,HenryStickmin,False,True,False,miscellaneous
343,Vegan fake chicken isn‚Äôt REAL vegan meal,gatekeeping,False,False,True,miscellaneous
344,Bootcamp and Gaming on External SSD,macgaming,False,True,False,gaming
345,üëÄüëÄ I know my camera quality is trash,xbox,False,False,True,gaming
346,ITAP of a boat on Lake Washington,itookapicture,False,False,True,miscellaneous
347,my life is a movie,teenagersnew,False,True,False,miscellaneous
348,He weird Don‚Äôt like him,ChurchofBorgar,False,False,False,miscellaneous
349,a possible kc10 because,flightradar24,False,True,False,miscellaneous
350,Flyingeagle932 msg me ‚ù§Ô∏è,sissykik,True,False,True,porn
351,I HATE THIS GAME SO MUCH üò°üò°üò°,fifa20,False,True,False,gaming
352,Trump election party draws scrutiny as Carson tests positive,politics,False,False,False,politics
353,The nightmares finally over,teenagers,False,False,True,miscellaneous
354,EV  Hydrogen plays to invest in,stocks,False,True,False,finance
355,Why does Turbo get hate,powerrangers,False,True,False,miscellaneous
356,Finally shipped,XboxSeriesX,False,False,True,gaming
357,Lets talk about your mom,mommybully,True,True,False,porn
358,Nike Air Zoom Pulse  BACK IN STOCK,Nike,False,True,False,miscellaneous
359,Magee,rantmega,False,True,False,miscellaneous
360,As if the God tier roll on Tiamat Wasn‚Äôt enough my first moss dragon is rift Earth Trait,dragonvale,False,False,True,gaming
361,And now,ShinobiLife2,False,False,True,gaming
362,question,kaisamains,False,True,False,gaming
363,ü§ç,collegesluts,True,False,True,porn
364,BBN BOODA  PABLO Rap 2020,listentothis,False,False,False,music
365,No aiming required pew pew üòÇ,dueprocess,False,False,False,gaming
366,Rose from my Phoenix garden,pics,False,False,True,miscellaneous
367,Help for a terrain noob,TerrainBuilding,False,True,False,miscellaneous
368,F looking for other sexy females in the area that would like to make content with me for my OF,VirginiaGoneWild,True,False,False,porn
369,IG smolgorl,SocialMediaSluts,True,False,True,porn
370,Wanna watch you swallow this,MassiveCock,True,False,False,porn
371,MOVIES132TO Watch The Girl in the Woods Full Online Free HD Streaming Website,firemovies,False,False,False,miscellaneous
372,Yveltal,PokemonSwordAndShield,False,True,False,gaming
373,i make a version in spanish of the KARLSON trailer,DaniDev,False,False,False,miscellaneous
374,All you need to do is Get Up Get on Yer Feet and,northernireland,False,False,False,miscellaneous
375,Black Metal Vest ü§òüèª,BattleJackets,False,False,False,miscellaneous
376,Mass surveillance Starlink Face scans,conspiracy,False,True,False,miscellaneous
377,There are just so many options here,hentai,True,False,True,porn
378,Orders missing in order history trade history,binance,False,True,False,finance
379,Les recomiendo esta banda raza muy hardcore ü§ò,SkyshockSUB,False,False,True,miscellaneous
380,MOVIES132TO Watch The Girl in the Woods Full Online Free HD Streaming Website,moviesandtvfreelinks,False,False,False
381,My problems are flipped now üòÜ,DdlgQuotes,False,True,False
382,19 virgin vers hmu for snap in phoenix area let‚Äôs mess around,gayarizona,False,True,False
383,MOVIES132TO Watch The Girl in the Woods Full Online Free HD Streaming Website,freemoviestreaminghd,False,False,False
384,cum subscribe to see sweet pussy underneath üòà link in the comments ü•∞,onlyfans_get_noticed,True,False,False
385,Que tal sus tettas,MexicanasHermosas,False,False,True
386,Florida,florida,False,True,False
387,How to get my 27F partner 27m to stop procrastinating and buy a new phone,relationship_advice,False,True,False
388,Stop looking at the boobiescumrade Look at Waluigi with a gun,nonutnovember,False,False,True
389,Teaser  Super Loose Top Lots of Nipslip While Longboarding,NSFWPublic,True,False,False
390,Stay strong my anime cumrades,nonutnovember,False,False,True
391,Just want someone to suck on these üòç,EbonyBoobs,True,False,True
392,pretty foot,collegesluts,True,False,True
393,üü¢Ron Swan Show  Chat News Community Banter  Rants,SurvivingLife,True,False,False
394,I want to run businesses social media accounts what certificates should I get in order to pursue this job Please help me get my life together,DigitalMarketing,False,True,False
395,My Milwaukee utility knife since 2012 Daily warehouse use,BuyItForLife,False,False,True
396,I played 9 solo games of Hallertau so far Uwe Rosenberg and really liked it,soloboardgaming,False,False,False
397,Hypocrites and COVID19,videos,False,False,False
398,Diablos is taking her soul,FinalFantasy,False,False,True
399,Aftermath Factions,MinecraftServer,False,True,False
400,Steht wer auf crossdresser dm me,VersautAufKik2020,True,True,False
401,‚ÄºÔ∏è SALE ‚ÄºÔ∏è 390 ONLYFANS  40 OFF ‚ù£Ô∏è INSTANT access to over 900 HD Pics  Vids üíã Anal GG Squirting Toy Play  KinkFetish Content on my PAGE üëÖ Cum chat  play with me  LINK BELOW üëáüèª,HotOnlyfans,True,False,True
402,Cocoa fruits for sale in a remote part of the Dominican Republic north coast of Saman√° Peninsula,pics,False,False,True
403,I may no longer be a petite teen but could I be your petite queen üëë,PetiteGoneWild,True,False,True
404,Bob Demovsky CB Jaire Alexander is still in the concussion protocol but Kevin King quad is practicing Also not practicing S Will Redmond S Vernon Scott T Rick Wagner WR Darius Shepherd RB Dexter Williams practice squad,GreenBayPackers,False,False,False
405,Help me get high üçÉ I‚Äôll help you get off üòà Free trial link in comments üíã KikOF pumpsinpatch,OnlyFans_NonNude,False,False,True
406,Pro Evolution Soccer 2018 Legendary Edition  Playstation 4 is 83 off,WEPES,False,False,False
407,Sank a bit too deep into my feelings apparently while listening to Death of Bellows,YeBanishedPrivateers,False,True,False
408,A small price to pay for Dota,DotA2,False,False,True
409,Ford Fiesta ST VS BMW Z3 28i,Streetracing,False,False,False
410,PC H 450 W Saffron emeralds  H 450 W Pink emeralds  H 1300 W Crimson emeralds,rocket_league_trading,False,True,False
411,Let‚Äôs fuck my friend boobs,NaughtyChics,True,False,True
412,This supposed to be siren head and some others why is siren and the trever character kissing dont know what flair to use ,GachaLifeCringe,False,False,True
413,Uhhm,AmongUsMemes,False,False,True
414,Should I sell company stock at a lower price even though it may go up since a lot of my net worth is tied to it,FinancialPlanning,False,True,False
415,Giving away platy fry pick up only from Birmingham,AquaSwapUK,False,True,False
416,Classically trained dancer college freshman and brand new to OF Sensual intelligent and the best girlfriend you‚Äôll ever have üòò,onlyfanshottest,True,False,True
417,IsItBullshit Social anxiety is unfixable and the best you can do is learn to live with it,IsItBullshit,False,True,False
418,Do You Have Too Much on Your Plate,freelance_forhire,False,True,False
419,Obamacare faces Supreme Court remade by Trump,politics,False,False,False
420,Challenges for 2nd Playthough,Spiritfarer,False,True,False
421,TBH not a lot of toxic comments but I find it funny there are more upvotes than comments,FortNiteBR,False,False,True
422,21 M4F USAAnywhere  Looking for people to talk with,r4r,False,True,False
423,This ones for the pussy lovers ,Amateur,True,False,True
424,Selling Various 4K KickAss Knives Out V for Vendetta The Equalizer Duology Captain America  The Winter Soldier and more,DigitalCodeSELL,False,True,False
425,wore these vans and this hoodie today 3,Vans,False,False,True
426,Pizza Rock,Sacramento,False,True,False
427,ME break time,hunks,True,False,True
428,‚óá‚óáMUD  WATER ‚óá‚óá,boniver,False,False,True
429,View or Do Not Disturb,Drizzy,False,True,False
430,Hime Tsu ASMR Leaked Trying Not to get Caught Porn Video,ASMRNetwork,True,False,False
431,Congratulations on finishing the pass here are 8 extra paws,funrun,False,False,True
432,Sleepy doggos,Bulldogs,False,False,True
433,4040 MW4F Minnesota Looking for a service sub to go with us to a tropical location,BDSMpersonals,True,True,False
434,Update on shadow person encounter,Humanoidencounters,False,True,False
435,2meirl4meirl,2meirl4meirl,False,False,True
436,Looking for 12 more to join our group to learn fullstack development beginnermoderate difficulty,ProgrammingBuddies,False,True,False
437,Gogol Bordello  Start Wearing Purple Gypsy Punk,Music,False,False,False
438,NPDNID,fountainpens,False,False,False
439,LF Surfboards in whitebluefloral FT bellsname your price,ACTrade,False,True,False
440,POV catching your heavy metal bf jerking off,guysgonewild,True,False,True
441,Remastered SS1 Yay or Nay on hardest setting for puzzles,systemshock,False,True,False
442,Dynamo loan Mateo Bajamich to Instituto AC in Argentina until January 20,dynamo,False,False,False
443,I would like to thank everyone for their help This is my new first aid kit,EDC,False,False,True
444,GUYS I FOUND MONKE HE IS ALIVE,titanfolk,False,False,True
445,Lucy cooling off her belly on the cold floor,Blacklabs,False,False,True
446,Biden Urged to Be ClimatePresident by Taking These 10 GameChanging Steps in First 10 Days in Office,environment,False,False,False
447,I picked up a preelection present for myself and finished dressing it up yesterday Thought you guys might appreciate it ü•∞,2ALiberals,False,False,True
448,Bond with Bondage,CheatingPorn,True,False,False
449,How do you cope up with yourself when you dont want a relationship but your body has cravings,AskReddit,False,True,False
450,XB1 H a nuka cola W to trade up to a legacy make me a offer for my nuka cola,Market76,False,True,False
451,So I have a school project talking about people that I admire and I chose Cody and Noel hopefully I don‚Äôt fail,codyko,False,False,True
452,I made the best manhunt datapack so far,MinecraftCommands,False,True,False
453,Waiting for you üòâ,needysluts,True,False,True
454,Couple more from our roadtrip,FordFocus,False,False,False
455,Maybe I‚Äôm late to the game but Rick‚Äôs arc in Alexandria is to draw comparisons to his best friend Shane,thewalkingdead,False,True,False
456,D Best way to be notified ASAP of new operation,csgomarketforum,False,True,False
457,Who won this trade Henry vs Kelce and some others 05 PPR,Fantasy_Football,False,True,False
458,Ey T√ºrk genci erkeksen bir ‚ÄúK√ºl Tegin‚Äù kƒ±zsan bir ‚ÄúUmay‚Äù olmaya √ßalƒ±≈ü  Ve ‚ÄúGAZƒ∞nin Memleketi idare edenler gaflet ve hƒ±yanet i√ßinde olsalar bile yine vazifen T√ºrkl√ºƒü√º kurtarmaktƒ±r diyen b√ºy√ºk vasiyetini unutma,Turkey,False,False,True
459,Stepbystep guide to getting started on rSubredditDrama,SubredditDrama,False,True,False
460,Amalia Annenkova,SexyStyle,True,False,True
461,On or off while we cuddle,Blonde,True,False,False
462,Ceiling light,philipshue,False,True,False
463,Trump adviser overseeing campaign legal challenges gets coronavirus sources say,politics,False,False,False
464,Photographyyyy for zrk ldnnnnn,Zerkaa,False,True,False
465,No need to thank me,memes,False,False,True
466,Long and skinny,bassfishing,False,False,True
467,Anyone have experience with this website,CVS,False,False,False
468,rTheMandalorianTV All will be consumed,NoLockedThreads,False,False,False
469,Gag on my cock TS Headmistress,TgirlHUB,True,False,False
470,Flavour,HookahTrade,False,True,False
471,INTERRO with some insider knowledge about operators icons,R6ProLeague,False,False,False
472,Anyone interested in getting to know a 31MNYC INTJ,MBTIDating,False,True,False
473,I was bored so i did this,teenagers,False,False,True
474,Rest in Peace Cant believe its been 19 years already,dankmemes,False,False,True
475,Now where have I seen this before,battlefield_4,False,False,False
476,WWYD Dm me for more pics,IndianTeens,True,False,True
477,Rebel News  Help Find the Thug David Menzies attacked at antilockdown protest in Aylmer Ontario,TheVideoFeed,False,False,False
478,What responsibility do parts have for other parts,AskDID,False,True,False
479,i‚Äôm a horny young slut and my onlyfans is FREE üíñüíñ cum play with me üòàüòà follow the link below to subscribe ‚¨áÔ∏è‚¨áÔ∏è‚¨áÔ∏è,OnlyFans101,True,False,True
480,sqljs SQLite compiled to JavaScript,programming,False,False,False
481,Master doc question,bisexual,False,True,False
482,Trump Arrives on Reach,ImaginaryHalo,False,False,False
483,Upvote dir a free nude üß∏üí¶,onlyfansgirls101,True,False,True
484,raretheparentsok,adoptareddit,False,True,False
485,Inperson labs winter 2021,uAlberta,False,True,False
486,21M looking for Female Friend,Needafriend,False,True,False
487,Donde est√°n los culitos lindos,LatinoCock,True,False,True
488,Fluval Flex 15 containing swords Java fern dragon stone and a carpet of some cheap seeds I grew from Amazon lol,PlantedTank,False,False,True
489,Everyone reaction to the Whitney Houston stuff,PalaceClothing,False,False,True
490,Supporters continue to root for 2 teams that obviously lost Game Over roll your flags up and go home losers,PoliticalHumor,False,False,True
491,18 yo I was straight until 13 yo but then I met the right man who is watching me via camüôà,BlackOwnedSissies,True,False,True
492,Julian drawing I did a bit ago,TheStrokes,False,False,True
493,Tile collisions cause the player character to get stuck in a wall,gamemaker,False,True,False
494,Chill server that plays light coop games terraria stardew among us skribblio weekly movie nights and plenty of bots pokemeow mudae taco shack etc 18 sfw,discordservers,True,False,False
495,35 M4F Married and bored,DirtySnapchat,True,True,False
496,Are presidential shit memes still a thing,memes,False,False,True
497,F 24 I have a big fantasy for Gangbang Is it worth trying,indiansgonenude,True,False,True
498,Flaccidity change again,NoFap,False,True,False
499,I want to make a wooden gunstalk,woodworking,False,True,False
500,Relative mouse movement to keypress script,AutoHotkey,False,True,False
501,Bringing home a new frien ‚Äô,pokeplush,False,False,True
502,Nooks open,NoFeeAC,False,True,False
503,Violetta Zupancic  ‚ÄúCrisse‚Äù 1340,publicnudityinfilm,True,False,False
504,Free sub with content and a 10 cumming video üí¶üí¶üí¶üí¶üòà Cttykatali watch me cum for daddy,BBWOnlyFansPromo,True,False,True
505,Does anyone else find neymar disappointing on this game,DreamLeagueSoccer,False,True,False
506,Trump says Defense Secretary Mark Esper has been terminated,UFOs,False,False,False
507,UFC Fight Night Predictions Apex Preliminaries,ufc,False,False,False
508,This is gonna sound conceited but DAMN do I love this picture of my ass Hbu üçÜ,StretchMarksGW,True,False,True
509,Laptop build for some speculation,GamingLaptops,False,True,False
510,WDYWT All dressed up and nowhere to go üò£,streetwear,False,False,False
511,Rope kitty in fishnets,fishnets,True,False,True
512,I had a bottle of mercury as a kid,ask,False,True,False
513,Booty at sunset,AthleticBabes,True,False,True
514,Its originally a 5 strings bass song I tried to arrange it on a 7 strings,mathrock,False,False,False
515,Come vibe on my island üèùÔ∏è island name Goergie,Dodocodes,False,False,True
516,Pittie in the Sun,pitbulls,False,False,True
517,An Excerpt From Volume 8 About Psychization,Jung,False,True,False
518,What do u think of my new ‚Äúlingerie ‚Äú f,HipBones,True,False,True
519,Dick 2,Theatre,False,False,False
520,Second cycle IVF genetic test or not,IVF,False,True,False
521,I am so so sorry cumradesI have decided to continue drawing a daily portrait representation of all of you brave soldiers that are still inbut in the meantimehere I amthe coomer,nonutnovember,False,False,True
522,i went out of my comfort zone with drawing this but i wanted to post something before the 15th I discovered Unus Annus a little late but it helped me so much during one of my lowest moments and im going to cry a lot when all of this ends Memento mori,UnusAnnus,False,False,True
523,Liked these Duvet Cover What are your views regarding it Is Egyptian cotton good,HomeDecorating,False,True,False
524,Installing an electrical outlet in Phoenix,phoenix,False,True,False
525,75th Ranger Regiment  Volunteering at AIT with no Option 40 Contract MOS  92Y,army,False,False,True
526,Nagatoro do be kinda looking cute when she is blushing,nagatoro,False,False,True
527,22 F4F Canada Online swap picsvideos and dirty talk,dirtyr4r,True,True,False
528,Local  Here‚Äôs how the church‚Äôs annual LightTheWorld campaign will be different this Christmas  Deseret,AutoNewspaper,False,False,False
529,The LINK is down below,MatthiasSubmissions,False,True,False
530,MFb4A Domination and Humiliation,futarp,True,True,False
531,Hey Burlington took some photos down at the celebration on Sat imgur photo link very large files mobile warning,burlington,False,False,False
532,OpEd  Letter To remove doubt we should implement voting audits  Deseret,AutoNewspaper,False,False,False
533,Lava RPG Map The Saga Continues,HeroscapeRPG,False,False,False
534,What to buy,MechanicalKeyboards,False,True,False
535,‚ù§Ô∏è Tip of the tongue ‚ù§Ô∏è,promoteonlyfans,True,False,True
536,Who wants to come and kiss my lipsüòò F,showergirls,True,False,True
537,I want to use Steam Link to get games from my desktop to a big TV in another room without moving my PC or using super long input cords My understanding is that Ill need to buy a wireless controller For anyone whos done this any recommendations for a controller or advice on the overall process,Steam,False,True,False
538,Chubby Latina Goes Cock Crazy Taking Multiple Cumshots Multiple swallows and cum shots Rare to see a slut go this cock crazy,BBWCream,True,False,False
539,Red Web,Achievement_Hunter,False,True,False
540,Karma is scary sometimes,nope,False,False,True
541,Need Help even though my phone is not working how can this be fixed,verizon,False,False,True
542,18F little person who really enjoys films music  art ,MakeNewFriendsHere,False,True,False
543,FS 6 Custom dyed discs for sale more info in comments PayPal or Venmo preferred,discexchange,False,False,True
544,Simping is a sin,memes,False,False,True
545,Will you stop being horny FOR FIVE MINUTES,memes,False,False,True
546,Sad Linus noises,LinusTechTips,False,False,True
547,I want visitors and new friends Dodo Code  7QB34,AnimalCrossingNewHor,False,True,False
548,Making sure he‚Äôs okay ,softies,True,False,True
549,Ashes  Chapter 9 Shadows and Specters Page 62,comics,False,False,False
550,optimus prain,orslokx,False,False,True
551,Quick Lunch BJ MF OC,MNGoneWild,True,False,False
552,I quit for 3 yearsdont ever let your guard down,stopsmoking,False,True,False
553,I graphed out the results of my SARSCoV2 antibody levels from May to November OC,dataisbeautiful,False,False,True
554,Wargaming Make Homefront garage permament,WorldofTanks,False,True,False
555,This BBC article has the best ‚Äúcompo face‚Äù I‚Äôve ever seen,CasualUK,False,False,True
556,Quad,MarriedToMedicine,False,True,False
557,I did the one scene from ‚Äúit‚Äôs always sunny in Philadelphia‚Äù but it‚Äôs fyaf,FiveYearsatFreddys,False,False,True
558,‚Äé,OzbiljneMeme,False,False,True
559,Would be great if it did have the invisible wall,Warframe,False,False,True
560,Man fatally shot in Uptown Minneapolis during apparent robbery attempt 74,Minneapolis,False,False,False
561,Ashes  Chapter 9 Shadows and Specters Page 62,webcomics,False,False,False
562,Secret Service Spy,covidmemesarchive,False,False,True
563,Aging like fine wine,gilf,True,False,True
564,Haha,TheBeatles,False,False,True
565,ELI5 mythics and legendaries,leagueoflegends,False,True,False
566,plexus 05 coils poor taste,Innokin,False,True,False
567,Almost too my goal of 100 Followers,TwitchStreaming,False,False,False
568,Summit Solitude on the Appalachian Trail,backpacking,False,False,False
569,43 M4F looking for a Pillow Princess to please,houstonr4r,False,True,False
570,I Was Told to Post Here ‚úÖOC,SlimThick,True,False,True
571,Pornhub your source of Breath of the Wild tips,PornhubComments,False,False,True
572,198000000XP in Crafting,Gamebugio,False,True,False
573,PC H 450 W Saffron emeralds  H 450 W Pink emeralds  H 1300 W Crimson emeralds,RocketLeagueExchange,False,True,False
574,Anyone want to offer a noob guidance,etherscan,False,True,False
575,Is it possible to change my climate ctrl temperatures to Celsius I cant figure it out,Nissan,False,False,True
576,Follow on Spotify Birthday Club,RedditSessions,False,False,False
577,Male 27,michigandate,True,True,False
578,Any word on new content for Legends mode ,ghostoftsushima,False,True,False
579,flubber32c4 has one of the most immersive experience style of build ever I finally understand what others mean when they say they are living vicariously through their Sims It is 4am in my game and my Sim just quit her job and crash a Rainbow Rave festival under the Northern Lights,Sims4,False,False,False
580,Scots ghosthunter talks to spirits every day  and shes not scared of them,classified,False,False,False
581,¬øC√≥mo va su cuerpo durante la pandemia ¬øQu√© idiomas aman y detestan ¬°Nuevo episodio del podcast Nada en Espec√≠fico,ChileArte,False,True,False
582,outdoor pool fuck party wet pussy flashing twerk off key west,MasturbationGoneWild,True,False,False
583,‚ÄºÔ∏èHORNY 50 OFF‚ÄºÔ∏èFred Wustoff Bear 37 Years Old Subscribe On My OF And Enyoy All My Content And Receive a FREE Reward Picture For Subscribing ‚ù§ I reply to all DMs üí¨ Weekly Content üéÅ Customs  Other Wishes üòâ Vids Pics Private Shows Offers And More For You Link Bellow On Comments,AsianMenOnlyFans,True,False,False
584,I need to relog my game after every session,EscapefromTarkov,False,True,False
585,This outfit is soooo complicated  Check out my onlyfans to help me get it off üñ§ Only 7 a month for new content almost every day and special requests available Just ask  Link in comments,OnlyFans101,True,False,False
586,Was Jesus Christ a big deal in his life time Like was he really famous,NoStupidQuestions,False,True,False
587,Just in time for cold war i finally got 3 friends to go through the victis EEs and can say i finally have completed every single cod zombies easter egg Heres a collage of all my achievements,CODZombies,False,False,True
588,Unc D Dre Hova  Thin Thicket  REALITY CHECK Skit Hop,trippy,False,False,False
589,WWF MultiVerse III,firepro,False,True,False
590,Now that‚Äôs pretty edgy,GachaLifeCringe,False,False,True
591,Female 20 Follow me for only 5 Sexting Phone Sex and Customs available to purchase,NaughtyNerdGirls,True,False,True
592,This is gonna sound conceited but DAMN do I love this picture of my ass Hbu üçÜ,AsiansGoneWild,True,False,True
593,Boofing SARMs,PEDs,True,True,False
594,Girl going on holiday with guy she used to sleep with,relationship_advice,False,True,False
595,Can i get some feedback for this edit,airsoft,False,False,False
596,Turkish rose 10mm crystal faux druzy Cabochons 10pcs by UrbanEnV,DamnYam,False,False,False
597,ÿßŸÑÿ∫ŸÜŸàÿ¥Ÿä ŸÑŸÖ ÿ£ÿ™ÿ±ÿ¥ÿ≠ ŸÑŸÇŸäÿßÿØÿ© ÿßŸÑŸÜŸáÿ∂ÿ© ŸàÿßŸÑÿÆŸÑÿßŸÅÿßÿ™ ÿ®ÿØŸäŸáŸäÿ© ÿ¥ÿßŸáÿØ,Beiruttime,False,False,False
598,Bulk Editing based on Time,lastfm,False,True,False
599,How do you deal with confrontation issues,TwoXChromosomes,False,True,False
600,Feeling Kinky  Are you ready for a Dominant bratt to put you in your place  Look no further 20off my onlyfans,Onlyfanspromoss,True,False,False
601,They might be a little small but I think they‚Äôre cute anyway 3,bimbofetish,True,False,True
602,26 M4M Deerfield Beach,SouthFlHookup,True,True,False
603,YOU SHOULD USE RASHFORD IN YOUR SQUAD  FIFA 21 ULTIMATE TEAM 15,JEDGamez,False,False,False
604,Can someone photoshop Kenneth Copeland‚Äôs finger inside a tiny Harambe ass,PhotoshopRequest,False,False,True
605,Sasha Grey gets ass and pussy double penetrated,hardanal,True,False,False
606,What is your country known for What do you wish it was known for,AskReddit,False,True,False
607,The map,MatthiasSubmissions,False,True,False
608,Not My Meme but thought it was funny,Vikkstar123,False,False,True
609,AMZ PRIME MEMBERS 99c for Select 4 Month Print Magazine Subs all wauto renew which you can cancel after order is placed,RedditShoppingDeals,False,True,False
610,Join the MEGA Links  NSFW Discord Server,DiscordNudes,True,False,False
611,Grapperhaus over dalend aantal coronabesmettingen We zijn er nog niet,NUjijDiscussies,False,False,False
612,it‚Äôs hard,Vent,False,True,False
613,Amelia Watson paizuri,hentai,True,False,True
614,Prosdo  Star Dust Egothermia,progonlycom,False,True,False
615,Get Free 3GB Contents of this Baddie in Commentüëáüëá,ALEXASMORGANNN,True,False,True
616,Jimena hernandez ,WorldPacks,True,False,True
617,Unwatchably foggy for Edinburgh vs Cardiff,rugbyunion,False,False,True
618,21 M4 AKik  telegramCasual kik Darkelf20 Telegram ZeroTheRpLooking for ANY sub that wants yo rp we can make a plot or we can pick from the list,FurryKikPals,True,True,False
619,Never do anything to illya,lostpause,False,False,True
620,25 M4F  Wife‚Äôs Leaving Me Alone This Week  NoCo,dirtyr4rCO,True,True,False
621,Who wins PPR,fantasyfootballadvice,False,True,False
622,Effect veiler Vs tribute for cost,Yugioh101,False,True,False
623,should we have a discord server,thenewboston,False,True,False
624,Sharing my panties,menwearingpanties,True,False,False
625,23M4M SanAntonioTX Hungry for straight Cum,RandomActsOfBlowJob,True,True,False
626,Destroy on YouTube right now üî•‚ù§Ô∏èüî•,RapMoreLikeCrap,False,False,False
627,Put Options Help,CanadianInvestor,False,True,False
628,Anyone here doing cold knocking on doors or cold calls from the yellow pages to find customers,HVAC,False,False,True
629,apu and ram overclock,pcmasterrace,False,True,False
630,Rural Hospitals Are Dying This One Saved Itself‚ÄîAnd Its Community,AnythingGoesNews,False,False,False
631,Help finding a reference from in Steins Gate0,steinsgate,False,True,False
632,The 8th heroine,botw,False,False,True
633,Wich one should I draw,AnimeART,False,True,False
634,Yang appears in anime form riding the H3H3 scooter at 048,YangForPresidentHQ,False,False,False
635,Seroprevalence of human immunodeficiency virus‚Äìhepatitis B virus HIV‚ÄìHBV coinfection among pregnant women attending antenatal care ANC in subSaharan Africa SSA and the associated risk factors a systematic review and metaanalysis,HIVandAIDS,False,False,False
636,XB1 H Various weapons W offers not really sure what Im looking for other than a executioners 40faster 40 less PA grogaxe will look at all offers tho,Market76,False,False,False
637,Pineapple Horoyoi  shorts  Japanese Alcohol in under 60 seconds,unknownvideos,False,False,False
638,OMG it says the washington state fusion center accidentally realeased docs As part of a request for records on Antifa and white supremacist groups WSFC inadvertently bundles in ‚ÄúEM effects on human bodyzip‚Äù here is the link,MatthiasSubmissions,False,True,False
639,My first ever attempt at drawing Spiderman Ps4,SpidermanPS4,False,False,True
640,Hellboyhood Young Hellboy Miniseries On The Way,comicbooks,False,False,False
641,‚ù§Ô∏èüòç Desi SUPER H0T M0DEL Showing Her BIG B00BS üòç‚ù§Ô∏è FULL ALBUM IN COMMENT üî•üî•üëáüëáüëá,desigirlswithbooties,True,False,True
642,Bin gerade mega Geil Kann mir jemand Bilder schicken worauf ich wisen kann Dm me,JuliaBeautxActive,False,True,False
643,After 4 months of waiting it has finally arrived,Youtooz,False,False,False
644,First page of Anna Karenin,drawing,False,False,True
645,how I show off before I throat your cock üòá Snapchat bunnybabiez,snapleaks,True,False,True
646,Drone Mutator for Campaign,GearsOfWar,False,True,False
647,Plesse check out my review of Eichlersand SLC Punkindie artist new album i may be cute but im dumb af for my blog,punk,False,False,False
648,FS helping sell for a friend XL Nordiques Hextall 150,hockeyjerseys,False,False,False
649,I just need some really big black hands to grab my ass ‚úãüèø‚úãüèø 60 OFF 6 my üéÉPREMIUM üéÉOF PrincessBubblecum ‚ú® NO PAYWALLS  NO PPV‚ú®only 100 spots,HotOnlyfans,True,False,False
650,Homemade Korean Soy Sauce Pork Seaweed Soup and Sweet Potato With Young Radish Kimchi and a Salad,FoodPorn,False,False,True
651,Setup iOS 135  it‚Äôs my iPhone 8 setup mocked into an iPhone 12 using ScreenshotX and I think it turned out pretty good,iOSthemes,False,False,True
652,OpEd  Biden‚Äôs best advice to Americans  Christian Science Monitor,AutoNewspaper,False,False,False
653,Esperando,Cafe_Infinito,False,False,True
654,18 yo Russian teen for generous daddyüòç,FemBoys,True,False,True
655,Same Energy,LaurenChen,False,False,True
656,hey randy could you please rate my friends song,randolphin,False,True,False
657,Fuck it One more Enjoy,Fangsonlyfansnsfw,True,False,True
658,Can I get the neighborhood watch over at my place please üòâ,TheMilfNextdoor,True,False,True
659,can i get a 110üòè,ratemycock,True,False,True
660,Why is MCC Big Team Slayer always so onesided,halo,False,True,False
661,Hime Tsu ASMR Leaked Trying Not to get Caught Porn Video,ASMRSex,True,False,False
662,Inspiration,Trumpvirus,False,False,True
663,ü§ç,InnocentlyNaughty,True,False,True
664,Maid Mythra,TempleOfMythra,True,False,True
665,Can restaurant owners take tips,TalesFromYourServer,False,True,False
666,I used to hate my hair,BlackHair,False,False,True
667,Why yes yes it is,Acura,False,False,True
668,This pleases Richard,miketysonmysteries,False,False,True
669,What do you think memes will look like in 100 Years,AskReddit,False,True,False
670,How do I move my Windows 10 to another drive,buildapc,False,True,False
671,I thought we could use some positivity so heres a video about Larrys tackles vs drops,AZCardinals,False,False,False
672,Ps4 wmule h mule karma,pumparum,False,True,False
673,Savio Vega to appear at Survivor Series for Taker‚Äôs Final Farewell,WrestlingBreakingNews,False,False,False
674,You like lesbian ,NaughtyNerdGirls,True,False,True
675,XB1 H Various legendaries W Caps junk outfit offers,Market76,False,False,False
676,LF Catalogue Mountain Bikes FT DIYs or Name your price,ACTrade,False,True,False
677,Thanks I hate people complaining about reposts instead of leaving others who didn‚Äôt see it enjoy it,TIHI,False,False,True
678,Selling 26 F are You bored Have a good time with me babyüòàüòà CockrateGFEPicsVidsCamSexting Kikme alicehorny94,SexyForSale,True,False,True
679,Ladies match announced for AEW Dynamite,WrestlingBreakingNews,False,False,False
680,ASMR Tingly Glass Perfume bottle tapping intentional perfume bottle tapping tapping glass sounds,femininasmr,False,False,False
681,Just wanted to show off this picture of my dog and my baby,aww,False,False,True
682,Drolld thes for my girlfriend,Absol,False,False,True
683,Do you like my lingerie,slutwife,True,False,True
684,Christie LWU505 lamp problems,projectors,False,True,False
685,Lost out on gains because my bank did not transfer funds to my Questrade account,Questrade,False,True,False
686,my vibrator broke this weekend ‚òπÔ∏è,bigtiddygothgf,True,False,True
687,Muster Call Gemstone Scholars Authenticity of this Turkish piece,whatsthisrock,False,False,True
688,Devon Dudley‚Äôs sons booked for AEW Dark,WrestlingBreakingNews,False,False,False
689,The website about remote mind control with the photos and everything,MatthiasSubmissions,False,True,False
690,Just relaxing while warping through space,feedthebeast,False,False,False
691,Which is better for POC use Epocrates or 5Min Consult,nursepractitioner,False,True,False
692,Diora Baird 2005,Playboy,True,False,True
693,Roast me for cursed skill average,HySbRoastMe,False,False,False
694,How to deal with a disrespectful almost 13 year old daughter,relationship_advice,False,True,False
695,I spent Sunday waxing and polishing my new 2021 Outback,Subaru_Outback,False,False,True
696,Needy,asshole,True,False,True
697,Anxious about going to the OBGYN help,TheGirlSurvivalGuide,False,True,False
698,Airbag deployed apparently no physical damage,askcarsales,False,True,False
699,Join the Free OnlyFans  NSFW Discord Server,TanaMongeauOFp2,True,False,False
700,Anyone have Success on Mac OSX Catalina,project1999,False,True,False
701,My ex bff came back into my life and she likes me Advice,relationship_advice,False,True,False
702,Long time ring announced let go,WrestlingBreakingNews,False,False,False
703,Lets play target shooting,DirtySocialMedia,True,False,True
704,Snap maibbwqueen f,gonewild,True,False,True
705,Century Core University a college for superhumans supernatural and monsters Classes missions and school events occur,discordservers,True,False,False
706,No panties when we go out,cuck,True,False,True
707,How bad is the job market in Montana right now,missoula,False,True,False
708,What do you think,manass,True,False,True
709,XB1 H caps 1000 of every flux‚Äôs grafton monster mask and lamp strongman super sledge and circus trailer plan QLDDRWA fixer W VE minigun,Market76,False,False,False
710,I just got the Kenner Terminator 2 Power Arm Terminator This figure really reminds me of Trapjaw from MOTU and the canceled Scrap Davis from the Jurassic Park Series 2 subline The Evil Raiders He is also much larger than your average Kenner figure,ActionFigures,False,False,False
711,SHADOWLANDS Legendary item appearances cannot be used for TRANSMOG,wow,False,False,True
712,Flesh and Blood  Welcome to Rathe Unlimited unboxing  Box 2,FABTCG,False,False,False
713,Hey if you listen to Ben Shapiro at 12 speed he sounds drunk I‚Äôm not sure who els would appreciate this nugget of info,behindthebastards,False,True,False
714, 19,Balls,True,False,True
715,‚ÄºÔ∏è SALE ‚ÄºÔ∏è 390 ONLYFANS  40 OFF ‚ù£Ô∏è INSTANT access to over 900 HD Pics  Vids üíã Anal GG Squirting Toy Play  KinkFetish Content on my PAGE üëÖ Cum chat  play with me  LINK BELOW üëáüèª,OnlyFans101,True,False,True
716,dbongino RT govkristinoem Its official Ive joined parlerapp Find me at GovernorNoem We need social media platforms that respect and protect FREE SPEECH We need a whole lot more respect for Freedom and Personal Responsibilty in this country,TheTwitterFeed,False,False,False
717,1111 Promotion  14399  Beelink GTKing Pro 4K TV Box Banggood Coupon Promo Code 464GB,couponPromocode,False,False,False
718,This amazing phone wallpaper made by ughostgoal 2 years ago,KidCudi,False,False,False
719,get ready for the guy,dankmemes,False,False,True
720,Henry go brrrr,dankmemes,False,False,True
721,Helpfull pirates,starsector,False,False,False
722,18F4M East Coast US horny asian sextoy wants to be used,dirtyr4r,True,True,False
723,Ranked percentage,WorldofTanks,False,True,False
724,Clan Recruitment  5b765 Ideal Space,TapTitans2,False,True,False
725,I need Twice to do a sub unit or some ingroup collab songs for an album,kpopthoughts,False,True,False
726,Video  Bush 2000 lawyer Voters decided this election  CNN,AutoNewspaper,False,False,False
727,Come get it,MassiveCock,True,False,True
728,LF Cole FT 60NMT gold andor Poncho,ACVillager,False,True,False
729,Cambridge Audio CXN 2 What‚Äôs up with it MIA,audiophile,False,True,False
730,üòé,Yungn3na,False,False,False
731,Imagine my cooking for you like this,NSFW_Wonderful,True,False,True
732,dbongino PolitiBunny DM me I‚Äôll get it fixed ASAP,TheTwitterFeed,False,False,False
733,True bois must bend over when the master is asking for thatüòâ,gaynsfw,True,False,True
734,Top Stories  Opinion Black voters led America in the winning direction Now what  CNN,AutoNewspaper,False,False,False
735,Have Russia made an statement about the shutdown of Russian helicopter by azeri forces in Armenia,russia,False,True,False
736,I swear this automatic captions get worse every day,MandJTV,False,False,True
737,If you love massive natural tits you will love my onlyfans  onlyfanstastybbyy,eropage,True,False,True
738,36 M4F UKAnywhere  longtermserious relationship,r4r,False,True,False
739,Vallecillo hijo,UMalaga,False,False,True
740,How many of you just had fatigue and a mild cough,covidpositive,False,True,False
741,25 Italian guy  hotasice24,GaySnapchat,True,True,False
742,I dont necessarily want votes or for it to be liked,UnusAnnus,False,True,False
743,Should i upgrade my GPU,pcmasterrace,False,True,False
744,We were so close,meme,False,False,True
745,Top Stories  Heres whos on Bidens Transition Covid19 Advisory Board  CNN,AutoNewspaper,False,False,False
746,Should i upgrade my GPU,pcmasterrace,False,True,False
747,OC The Repost Lifetime on Reddit,worldpolitics,True,False,True
748,Cut Resistant Gloves,Mornd,False,False,False
749,20 m white twink looking for older verbal alpha men üòä face is a  scjessiekay1423,GaySnapchat,True,True,False
750,Structures  Encounter,Deathcore,False,False,False
751,How does one become a laywer,LawSchool,False,True,False
752,Melissa Benoist ass,MelissaBenoistAss,True,False,False
753,26fit super horny looking for real white hung to feed me Only 8in and bigger dicks Call me now livecidadbeef46dc11f9d,GaySkype,True,True,False
754,World  Female mongooses start fights and then sneak off to mate with the enemy  CNN,AutoNewspaper,False,False,False
755,Oof,ThatLookedExpensive,False,False,True
756,What is the most annoyedangry you have seen a person with a board game,AskReddit,False,True,False
757,Amazing,juicybooty,True,False,False
758,Trump Arrives on Reach,RedvsBlue,False,False,False
759,Upvote for a nude üß∏,onlyfansgirls101,True,False,True
760,Jennie,blackpinkmedia,False,False,True
761,Cute Socks And All,NSFWStorm,True,False,False
762,Rocket League Octane,lego,False,False,False
763,My girlfriend broke up with me Should I seek comfort in an ex,relationship_advice,False,True,False
764,trading new mermaid halo,RoyaleHighTrading,False,True,False
765,Guess I paused at the right time then,Witcher3,False,True,False
766,I HATE THIS GAME SO BAD üò°üò°üò°üò°üò°,FifaMobile,False,True,False
767,Used all my luck i guess,mkxmobile,False,False,False
768,Let‚Äôs jerk to cum sluts kik JObud316,Jerkbuddies,True,False,True
769,F I love feeling slutty come and do me üòàüî•,gonewild,True,False,True
770,Being an old soul,lonely,False,True,False
771,Room for one more,penis,True,False,True
772,Cum suckle üòâ,Nipples,True,False,True
773,Is hellogoodbye pop punk,poppunkers,False,True,False
774,Need help picking a zero interest card,CreditCards,False,True,False
775,3 pics of 2 different plants 1st pic M or F 2nd 3rd are the same plant M or F,microgrowery,False,False,False
776,1,HemmeligeLaerke,False,False,True
777,nice design,accidentalswastika,False,False,True
778,Homekit whats the benefit,EufyCam,False,True,False
779,CryptoTab ¬°A mi me funciona Doblando la velocidad pagando,BonFi,False,False,False
780,Transferring before 90 days probation is over as a cca,USPS,False,True,False
781,Andrew Cuomo is a bigger threat to the American people than Trump,rant,False,True,False
782,Anna √Åvila,WomanOrGod,False,False,True
783,whats the phase 6 lore so far,gorillaz,False,True,False
784,STEP 3 PRESIDENT,PoliticalHumor,False,False,True
785,How can my table names be properly incremented upon using Move or Copy,excel,False,True,False
786,Do you like Milfs If you do consider to subscribe to my Free or Paid Onlyfans page and see more Link in comments,OnlyFansCollab101,True,False,True
787,I think my ass is pretty cute dont you agree,VerticalGifs,True,False,False
788,A,NastyaNassFans,False,True,False
789,uEscapistReality on Re Fox News,DebateRightists,False,True,False
790,Sports  Bears activate OT Jason Spriggs from reserveCOVID19 list  Chicago SunTimes,AutoNewspaper,False,False,False
791,Milkshake,Blacktittyworld,True,False,True
792,Smackdown did 2315 million adjusted up from 2209 million,SquaredCircle,False,False,True
793,I made a discovery after Matts latest video about how it could be a soldier serum,MatthiasSubmissions,False,True,False
794,PS4 Casual Madden League is looking for 3 teams to fill our league 2932 discord,Madden,False,True,False
795,‚ù§Ô∏èüòç Desi SUPER H0T M0DEL Showing Her BIG B00BS üòç‚ù§Ô∏è FULL ALBUM IN COMMENT üî•üî•üëáüëáüëá,desichut,True,False,True
796,How would you weigh down this piece Going into a 55g standard with sand capped dirt already in it,Aquascape,False,False,True
797,Stuck while playing custom map The Lost Tower 30,warcraft3,False,True,False
798,Im sure I could hunter monsters in this outfit P,DirtyGaming,True,False,True
799,uonedertime on Covid Vaccines are soon to be released how should we deal with public vaccination,DebateRightists,False,True,False
800,People who are in therapy talk about the things they went through because of people who need therapy,Showerthoughts,False,True,False
801,Health  Researchers use big data approach to identify melatonin as possible COVID19 treatment  ScienceDaily,AutoNewspaper,False,False,False
802,Man sandwich,SensualMFM,True,False,False
803,I just need some really big black hands to grab my ass ‚úãüèø‚úãüèø 60 OFF 6 my üéÉPREMIUM üéÉOF PrincessBubblecum ‚ú® NO PAYWALLS  NO PPV‚ú®only 100 spots,OnlyfansXXX,True,False,False
804,Meet gary the rock,GenuineVeganism,True,False,True
805,umonteml on If you think the election was ‚Äústolen‚Äù how did it happen,DebateRightists,False,True,False
806,DailyCaller Suspected ISIS Attack In Iraq Leaves At Least 11 Dead httpstcoSkLCHApyIX,TheTwitterFeed,False,False,False
807,Sports  Big Ten rankings upside down during crazy season  Chicago SunTimes,AutoNewspaper,False,False,False
808,DANI DANIELS CLEANING SERVICE FULL VIDEO IN COMMENTS,PacksMega,True,False,True
809,Classically trained dancer college freshman and brand new to OF Sensual intelligent and the best girlfriend you‚Äôll ever have üòò,OnlyFans_NonNude,False,False,True
810,foot boys are my favouriteüòå‚ù§Ô∏èmy onlyfans is just 5 for the next 5 subscribers‚ú®i do it for the ass  feet fetishists i really do,FeetLoversHeaven,True,False,False
811,FIs my ass big enough to be on here,bigasses,True,False,True
812,Check out those peepers  art is mine D ,furry,False,False,True
813,Whatch me peeing or get fucked check my bio üòä,OnlyFansPetite,True,False,True
814,This evening glow makes me want my pussy licked in this position,pawg,True,False,True
815,1233 5356 2026 lugia raid,PokemonGoFriends,False,True,False
816,uFPY48 on What do conservatives think of Trump hiding out since the election Where is your fearless leader,DebateRightists,False,True,False
817,for some reason a bunch of posts were removed for no reason,saltierthankrayt,False,True,False
818,Politics  Biden win makes fed help for Chicago more likely top mayoral aides say  Chicago SunTimes,AutoNewspaper,False,False,False
819,Why is every story the same,fantasywriters,False,True,False
820,uRiloRin on Do conservatives support ranked choice voting,DebateRightists,False,True,False
821,27 M4A Im Italian BWC Looking for a Long Distance Relationship whit a submissive girlguy Must be ready to do anything for me Lets be nice and serious Hit me up,DirtySnapchat,True,True,False
822,REQ ¬£6 to support me and my daughter  Please,Need,False,True,False
823,Seriously what is this,rugbyunion,False,False,True
824,DailyCaller RT henryrodgersdc Republican Georgia Senators Kelly Loeffler and David Perdue released a joint statement calling on Georgia Secretary of State Brad Raffensperger to resign over the management of the elections throughout the state More here httpstcorSYrFxAARI,TheTwitterFeed,False,False,False
825,so when is season 4 being released,attackontitan,False,True,False
826,National  After Biden win McConnell says Trump OK to fight election  Chicago SunTimes,AutoNewspaper,False,False,False
827,Your boner would feel so nice between my lips üëÑ,BonerMaterial,True,False,True
828,READ 39 GOP House Members Send Letter To Barr Investigate Voter Fraud,CCP_virus,False,False,False
829,Before I stopped playing in anticipation of Snowy Escape I managed to have a girls dinner with my sim cousin that wasnt a complete disaster 3,Sims4,False,False,True
830,US still faces possible default wave asset declines due to pandemic Fed,news,False,False,False
831,DailyCaller An SEC Football Game Has Been Postponed Heres What Fans Need To Know httpstcoEaQobtoNUG,TheTwitterFeed,False,False,False
832,Need an honest opinion,ratemycock,True,False,True
833,uEscapistReality on Re Fox News,DebateRightists,False,True,False
834,National  Azerbaijan makes NagornoKarabakh gains Russian chopper hit  Chicago SunTimes,AutoNewspaper,False,False,False
835,Podcast Lazav in My Modern Well well try anyway,ModernMagic,False,True,False
836,We have two paths in front of us,confidentlyincorrect,False,False,True
837,Let‚Äôs celebrate next year guys,memes,False,False,True
838,Fresh bruise on my cute little butt üçë,bruisedladyparts,True,False,True
839,Thick Bitch üëÖüëÖ,YOUNGPRETTYHOES2,True,False,True
840,Mitch McConnell All LEGAL ballots must be counted any illegal ballots must not be counted The process must be transparent and observable at all times Trump is 100 within his rights to look at irregularities No state has certified votes yet,AskThe_Donald,False,False,False
841,uActualWaltz573 on Covid Vaccines are soon to be released how should we deal with public vaccination,DebateRightists,False,True,False
842,auctioning cozy gloves,RoyaleHighTrading,False,True,False
843,35 mwm bicurious top i need to show off,GaySnapchat,True,True,False
844,Free models are the best models Athearn Genesis GP382,modeltrains,False,False,True
845,Lugia raid,PokemonGoRaids,False,True,False
846,It‚Äôs flower hour,MonsterGirlCaps,True,False,True
847,Anyone who ordered from eb games receive there shipping information,XboxSeriesX,False,True,False
848,uFPY48 on Are there any Biden election protests going on anywhere,DebateRightists,False,True,False
849,When life gives you lemons  üçã,handfetish,True,False,False
850,This is gonna sound conceited but DAMN do I love this picture of my ass Hbu üçÜ,showergirls,True,False,True
851,30f MILF ass ready to be taken,slutwife,True,False,True
852,I am looking for this plush snail it means a lot to me I lost it,HelpMeFind,False,False,False
853,this is a post made for all the hungry bois who want a snack,Pride_Castle,False,False,True
854,Ummm I have a question,nuzlocke,False,True,False
855,Selling CAN VERIFY üëÖAsk for my price list ‚ù§Ô∏è Snap  kittyyplays üíã Kik  Eedax,SexyForSale,True,False,True
856,One of my favorite Sega references in Shenmue I Ristar is underrated as fuck imo,retrogaming,False,False,True
857,Chapter 18,deadbydaylight,False,True,False
858,Which One is Preferable for my Longsword Endgame Build,MonsterHunter,False,False,False
859,NEW VIDEO THEORY,MatthiasSubmissions,False,True,False
860,uFPY48 on Who represents the best of the GOP,DebateRightists,False,True,False
861,The Foxes Go Top Plus A Fiery Der Klassiker  Got Your Boots On,videos,False,False,False
862,Purchasing Cap and Gown,gmu,False,True,False
863,This guy gets it,NEWPOLITIC,False,False,True
864,Cheems in da tank,cheemsburbgerlore,False,False,True
865,Could someone please Photoshop this onto Jesus I dont have any money to pay,PhotoshopRequest,False,False,True
866,All aboard,VeinyCocks,True,False,True
867,Wich hole would u choose first ü§î,asshole,True,False,True
868,uemperorko on What do conservatives think of Trump hiding out since the election Where is your fearless leader,DebateRightists,False,True,False
869,Youll Be Able to Transfer Your Marvels SpiderMan PS4 Save to PS5 After All,gameflysocial,False,False,False
870,Manga readersspoil me please,AhiruNoSora,False,True,False
871,Low Rates Fuel Housing Demand,TopDesign,False,False,False
872,We need 1 man for chapter 2,gotlegends,False,True,False
873,9 Nov 1944 German troops on Walcheren Island surrendered,ww2database,False,False,False
874,BlursedBatman,blursedimages,False,False,True
875,Mail server with multiple domains,webhosting,False,True,False
876,Getting a finasteride prescription,tressless,False,True,False
877,uFPY48 on Who represents the best of the GOP,DebateRightists,False,True,False
878,Bro I just discovered the biggest trick,teenagers,False,True,False
879,üî• Free dick rate when you sub and message ‚Äòreddit‚Äôüî•Your big booty Irish egirlfriend üçë professional tease with 38Csüòãbig brat Find out how dirty this princess can be üòâ LINK ‚¨áÔ∏è,OnlyFansAsstastic,True,False,True
880,Nothing Neon  Social Distancing EP,witch_house,False,False,False
881,First Entyvio treatment ü§ûüèª,CrohnsDisease,False,False,True
882,Waiting for you to cum home so we can do a workout and I don‚Äôt mean at the gym üòâüíì,FitNakedGirls,True,False,False
883,Mr Christmas mini ceramic lighted tree ü•∞,christmas,False,False,True
884,19m Mirror selfie Im working on my body confidence What do you think Please be kind ‚ô•Ô∏è‚ô•Ô∏è‚ô•Ô∏è,TwinkLove,True,False,False
885,Tips to Getting Leaner,FTMFitness,False,True,False
886,uEscapistReality on Re Fox News,DebateRightists,False,True,False
887,My Ex is depressed,relationship_advice,False,True,False
888,Before you judge a man walk a mile in his shoes,TwoSentenceComedy,False,True,False
889,Home sweet Home,AnimalCrossing,False,False,True
890,24 Looking to Roleplay as a criminal on trial Will I be flogged for my actions Or set free,Gaykikpals,True,True,False
891,What rule of thumb or generally accepted way of doing things do you think is complete bullshit,AskReddit,False,True,False
892,Baby I am worth it D Happy milf Monday üòò,milf,True,False,True
893,uFPY48 on Who represents the best of the GOP,DebateRightists,False,True,False
894,TopMinds feel marginalised fail to understand that aligning with and espousing such a repugnant political ideology makes them pariahs,TopMindsOfReddit,False,False,False
895,A Fix For The Xbox Should Roll Out Today Or Tomorrow,roosterteeth,False,False,False
896,Selling 26 F are You bored Have a good time with me babyüòàüòà CockrateGFEPicsVidsCamSexting Kikme alicehorny94,naughtychicks,True,False,True
897,Bruh,TurkShitpost,False,False,True
898,Let‚Äôs cum with me ,needysluts,True,False,True
899,Does up and go exist in America,SpecialSnowflake,False,False,True
900,The richest thing in the world sucking dicküîõ balls üîõ assholeü§§üëÖüí¶‚ú®SALE 3‚ú®top 10‚ú® Welcome free sex video 100 uncensoredüîû full faceüî•üòà Online everyday ‚ú® quality content 445pics54vids üëØ Bisexual ‚ÄºÔ∏èsexting free‚ú® Link in commentary üëª Sc iloveeandreina,DirtySocialMedia,True,False,False
901,uFPY48 on Would you be willing to support reparations if it meant securing 40 of the black vote for the GOP,DebateRightists,False,True,False
902,Shes ready to move up sizes,HugeDildos,True,False,False
903,This one has a bit of everything,Buckfutter,True,False,False
904,Hamster in mug,hamsters,False,False,True
905,Machota Cowboys VP Stephen Jones thinks they still have a shot at making the playoffs ‚ÄúWe were playing the best team in the NFL yesterday Our defense is coming around We‚Äôre playing better every week‚Äù,cowboys,False,False,False
906,Do I belong to this sissy placeüòò,Sissies,True,False,True
907,Just looking for some free Karma Upvote  I‚Äôll do the same,FreeKarma4You,False,False,True
908,Double Cut Chops,grilling,False,False,True
909,uFPY48 on Would you be willing to support reparations if it meant securing 40 of the black vote for the GOP,DebateRightists,False,True,False
910,Is it Play time yet F,SittingThick,False,False,True
911,charlyjordan,InstaGirlss,True,False,True
912,Anybody knows floetry on ps4,NHL20HUT,False,True,False
913,Anyone wanna talk about Dixie with me ,dixiedamelio,False,True,False
914,23 F hi daddy I am looking for fun I am very horny and wet if you want to have a good time write me on my kik ZaschShamanta,kiksextingg,True,False,True
915,Egypts Dam Problem The Geopolitics of the Nile 1705,mealtimevideos,False,False,False
916,Subtitles,PrequelMemes,False,False,True
917,Next gen control ideas for flight games,virtualreality,False,True,False
918,Much at stake as Supreme Court weighs future of Obamacare,politics,False,False,False
919,umauigritsseemnice on Who represents the best of the GOP,DebateRightists,False,True,False
920,18 M4F sub looking to explore my submissive side and learn some new things online,femdompersonals,True,True,False
